{"cameraMode":{"drawMode":0,"name":"Shaded","section":"Shading Mode"},"sceneLighting":true,"audioPlay":false,"sceneViewState":{"m_AlwaysRefresh":false,"showFog":true,"showSkybox":true,"showFlares":true,"showImageEffects":true,"showParticleSystems":true,"showVisualEffectGraphs":true,"m_FxEnabled":true},"in2DMode":false,"pivot":{"x":1.450569987297058,"y":1.2318636178970338,"z":-1.057394027709961},"rotation":{"x":-0.1320473849773407,"y":0.14133557677268983,"z":-0.019025718793272973,"w":-0.9809336066246033},"size":3.6073946952819826,"orthographic":false}